{"batch/loss": 0.683679461479187, "batch/concept_loss": 0.6986352205276489, "batch/task_loss": 0.6687236428260803, "batch/concept_mrr": 0.42636722326278687, "batch/concept_hits@1@1": 0.14453125, "batch/concept_hits@3@3": 0.65625, "batch/concept_hits@10@10": 1.0, "batch/task_mrr": 0.6669921875, "batch/task_hits@1@1": 0.5, "batch/task_hits@3@3": 0.8125, "batch/task_hits@10@10": 1.0, "batch/batch_step": 40, "batch/learning_rate": 0.009999999776482582, "_timestamp": 1716558850.6776807, "_runtime": 140.8812816143036, "_step": 9, "epoch/loss": 0.6865686178207397, "epoch/concept_loss": 0.6944127082824707, "epoch/task_loss": 0.6787245273590088, "epoch/concept_mrr": 0.43369370698928833, "epoch/concept_hits@1@1": 0.1873873919248581, "epoch/concept_hits@3@3": 0.6216216087341309, "epoch/concept_hits@10@10": 1.0, "epoch/task_mrr": 0.5620870590209961, "epoch/task_hits@1@1": 0.33693695068359375, "epoch/task_hits@3@3": 0.6783784031867981, "epoch/task_hits@10@10": 1.0, "epoch/val_loss": 1.1207482814788818, "epoch/val_concept_loss": 1.117184042930603, "epoch/val_task_loss": 1.1243125200271606, "epoch/val_concept_mrr": 0.13812170922756195, "epoch/val_concept_hits@1@1": 0.10000000149011612, "epoch/val_concept_hits@3@3": 0.10999999940395355, "epoch/val_concept_hits@10@10": 0.18000000715255737, "epoch/val_task_mrr": 0.195904940366745, "epoch/val_task_hits@1@1": 0.15000000596046448, "epoch/val_task_hits@3@3": 0.20000000298023224, "epoch/val_task_hits@10@10": 0.27000001072883606, "epoch/lr": 0.009999999776482582, "epoch/epoch": 4, "epoch/learning_rate": 0.009999999776482582, "_wandb": {"runtime": 139}}