sep=;
0;0.33153727650642395;1.0;0.6931445002555847;0.6102926135063171;0.6924039721488953;0.9078513383865356;1.0;0.6916634440422058;0.9510849118232727;NA;NA;NA;NA;NA;NA;NA;NA;NA
