sep=;
0;0.33340969681739807;1.0;0.6931465864181519;0.6113084554672241;0.6929026246070862;0.5201346278190613;1.0;0.692658543586731;0.721517026424408;NA;NA;NA;NA;NA;NA;NA;NA;NA
1;0.33739081025123596;1.0;0.693141520023346;0.6137412786483765;0.6671820878982544;0.5645824074745178;1.0;0.6412227153778076;0.7465673685073853;NA;NA;NA;NA;NA;NA;NA;NA;NA
0;0.33340969681739807;1.0;0.6931465864181519;0.6113084554672241;0.6929026246070862;0.5201346278190613;1.0;0.692658543586731;0.721517026424408;NA;NA;NA;NA;NA;NA;NA;NA;NA
1;0.33739081025123596;1.0;0.693141520023346;0.6137412786483765;0.6671820878982544;0.5645824074745178;1.0;0.6412227153778076;0.7465673685073853;NA;NA;NA;NA;NA;NA;NA;NA;NA
