epoch;concept_hits@1@1;concept_hits@3@3;concept_loss;concept_mrr;loss;task_hits@1@1;task_hits@3@3;task_loss;task_mrr;val_concept_hits@1@1;val_concept_hits@3@3;val_concept_loss;val_concept_mrr;val_loss;val_task_hits@1@1;val_task_hits@3@3;val_task_loss;val_task_mrr
0;0.33056336641311646;1.0;0.7364734411239624;0.6095360517501831;1.4564814567565918;0.33056336641311646;1.0;0.7364892959594727;0.6095360517501831;NA;NA;NA;NA;NA;NA;NA;NA;NA
1;0.33581817150115967;1.0;0.7320835590362549;0.6139964461326599;1.4472979307174683;0.33569595217704773;1.0;0.7320913672447205;0.6139353513717651;NA;NA;NA;NA;NA;NA;NA;NA;NA
2;0.3331296443939209;1.0;0.7351120710372925;0.6114505529403687;1.4455487728118896;0.3331296443939209;1.0;0.7351120710372925;0.6114505529403687;NA;NA;NA;NA;NA;NA;NA;NA;NA
3;0.3344739079475403;1.0;0.7368035912513733;0.6117764115333557;1.442488431930542;0.3344739079475403;1.0;0.7368144392967224;0.6117764115333557;NA;NA;NA;NA;NA;NA;NA;NA;NA
4;0.3355737626552582;1.0;0.7350695729255676;0.6125503778457642;1.4360084533691406;0.3355737626552582;1.0;0.7350698113441467;0.6125503778457642;NA;NA;NA;NA;NA;NA;NA;NA;NA
5;0.33215200901031494;1.0;0.736682653427124;0.6098007559776306;1.43290376663208;0.33215200901031494;1.0;0.7366942167282104;0.6097803711891174;NA;NA;NA;NA;NA;NA;NA;NA;NA
6;0.3353293538093567;1.0;0.736825704574585;0.6124077439308167;1.4283349514007568;0.3353293538093567;1.0;0.736825704574585;0.6124077439308167;NA;NA;NA;NA;NA;NA;NA;NA;NA
7;0.3268972337245941;1.0;0.7376424074172974;0.6085582971572876;1.4244660139083862;0.3267750144004822;1.0;0.737648069858551;0.6084972023963928;NA;NA;NA;NA;NA;NA;NA;NA;NA
