sep=;
0;1.0;0.4749034643173218;1.0;0.6924093961715698;0.6988416910171509;0.7442771196365356;1.0;0.5279922485351562;1.0;0.6921614408493042;0.7310166358947754;NA;NA;NA;NA;NA;NA;NA;NA;NA;NA;NA
1;1.0;0.9739382266998291;1.0;0.6678410768508911;0.9858430027961731;0.7191868424415588;1.0;0.9874517321586609;1.0;0.6659197211265564;0.9930822849273682;NA;NA;NA;NA;NA;NA;NA;NA;NA;NA;NA
2;1.0;0.9932432174682617;1.0;0.5273089408874512;0.9964606761932373;0.5709221363067627;1.0;0.9932432174682617;1.0;0.5171199440956116;0.9964606761932373;NA;NA;NA;NA;NA;NA;NA;NA;NA;NA;NA
