epoch;concept_hits@1@1;concept_hits@3@3;concept_loss;concept_mrr;loss;task_hits@1@1;task_hits@3@3;task_loss;task_mrr;val_concept_hits@1@1;val_concept_hits@3@3;val_concept_loss;val_concept_mrr;val_loss;val_task_hits@1@1;val_task_hits@3@3;val_task_loss;val_task_mrr
0;0.1818181872367859;1.0;0.8113370537757874;0.5303030610084534;0.8106564879417419;0.1818181872367859;1.0;0.791975736618042;0.5454545617103577;NA;NA;NA;NA;NA;NA;NA;NA;NA
1;0.3636363744735718;1.0;0.7527697086334229;0.6060606241226196;0.7617098093032837;0.3636363744735718;1.0;0.7527697086334229;0.6060606241226196;NA;NA;NA;NA;NA;NA;NA;NA;NA
2;0.27272728085517883;1.0;0.7029874920845032;0.5909090638160706;0.7101147174835205;0.27272728085517883;1.0;0.6994810700416565;0.5909090638160706;NA;NA;NA;NA;NA;NA;NA;NA;NA
3;0.3636363744735718;1.0;0.7264259457588196;0.6212121248245239;0.7392162084579468;0.3636363744735718;1.0;0.7343645095825195;0.6212121248245239;NA;NA;NA;NA;NA;NA;NA;NA;NA
4;0.27272728085517883;1.0;0.712670087814331;0.5909091234207153;0.721874475479126;0.27272728085517883;1.0;0.7135554552078247;0.575757622718811;NA;NA;NA;NA;NA;NA;NA;NA;NA
5;0.6363636255264282;1.0;0.6633716225624084;0.7727272510528564;0.676082968711853;0.6363636255264282;1.0;0.6713889241218567;0.7878788113594055;NA;NA;NA;NA;NA;NA;NA;NA;NA
6;0.4545454680919647;1.0;0.6428457498550415;0.6818181872367859;0.6486592888832092;0.4545454680919647;1.0;0.6371850967407227;0.6818181872367859;NA;NA;NA;NA;NA;NA;NA;NA;NA
