sep=;
0;0.4189189076423645;1.0;0.692665696144104;0.6623231172561646;0.7446222901344299;0.4478764533996582;1.0;0.6925983428955078;0.6806628108024597;NA;NA;NA;NA;NA;NA;NA;NA;NA
1;0.9565637111663818;1.0;0.6730072498321533;0.9763513803482056;0.7251485586166382;0.9633204340934753;1.0;0.6727896928787231;0.9798905849456787;NA;NA;NA;NA;NA;NA;NA;NA;NA
2;0.992277979850769;1.0;0.5473589301109314;0.9956563711166382;0.5990800857543945;0.9932432174682617;1.0;0.5463452935218811;0.9961389899253845;NA;NA;NA;NA;NA;NA;NA;NA;NA
