sep=;
0;0.33301159739494324;1.0;0.6931331157684326;0.6119691729545593;0.7451111078262329;0.3503861129283905;1.0;0.6931171417236328;0.624839186668396;NA;NA;NA;NA;NA;NA;NA;NA;NA
1;0.7789575457572937;1.0;0.6924907565116882;0.8798262476921082;0.7444716691970825;0.7934362888336182;1.0;0.6924801468849182;0.8886743783950806;NA;NA;NA;NA;NA;NA;NA;NA;NA
0;0.33301159739494324;1.0;0.6931331157684326;0.6119691729545593;0.7451111078262329;0.3503861129283905;1.0;0.6931171417236328;0.624839186668396;NA;NA;NA;NA;NA;NA;NA;NA;NA
1;0.7789575457572937;1.0;0.6924907565116882;0.8798262476921082;0.7444716691970825;0.7934362888336182;1.0;0.6924801468849182;0.8886743783950806;NA;NA;NA;NA;NA;NA;NA;NA;NA
