epoch;concept_hits@1@1;concept_hits@3@3;concept_loss;concept_mrr;loss;task_hits@1@1;task_hits@3@3;task_loss;task_mrr;val_concept_hits@1@1;val_concept_hits@3@3;val_concept_loss;val_concept_mrr;val_loss;val_task_hits@1@1;val_task_hits@3@3;val_task_loss;val_task_mrr
0;0.27272728085517883;1.0;0.7782955169677734;0.5757575631141663;2.959972620010376;0.09090909361839294;1.0;5.1416497230529785;0.560606062412262;NA;NA;NA;NA;NA;NA;NA;NA;NA
1;0.4545454680919647;1.0;0.7407861948013306;0.6818182468414307;2.9412178993225098;0.4545454680919647;1.0;5.1416497230529785;0.6212121844291687;NA;NA;NA;NA;NA;NA;NA;NA;NA
2;0.27272728085517883;1.0;0.8042801022529602;0.5909090638160706;2.9729650020599365;0.27272728085517883;1.0;5.1416497230529785;0.560606062412262;NA;NA;NA;NA;NA;NA;NA;NA;NA
3;0.5454545617103577;1.0;0.7254751324653625;0.7272727489471436;2.9335625171661377;0.3636363744735718;1.0;5.1416497230529785;0.696969747543335;NA;NA;NA;NA;NA;NA;NA;NA;NA
4;0.4545454680919647;1.0;0.7324972748756409;0.6818181872367859;2.9370734691619873;0.09090909361839294;1.0;5.1416497230529785;0.5303030610084534;NA;NA;NA;NA;NA;NA;NA;NA;NA
5;0.4545454680919647;1.0;0.7137431502342224;0.696969747543335;2.927696466445923;0.27272728085517883;1.0;5.1416497230529785;0.560606062412262;NA;NA;NA;NA;NA;NA;NA;NA;NA
6;0.5454545617103577;1.0;0.6795011758804321;0.7424242496490479;2.9105756282806396;0.6363636255264282;1.0;5.1416497230529785;0.5909091234207153;NA;NA;NA;NA;NA;NA;NA;NA;NA
