sep=;
0;0.33687257766723633;1.0;0.6931333541870117;0.6138995885848999;0.7451117038726807;0.3474903404712677;1.0;0.6931180953979492;0.6227477788925171;NA;NA;NA;NA;NA;NA;NA;NA;NA
1;0.7741312980651855;1.0;0.6924853324890137;0.8778957724571228;0.7444612383842468;0.7982625365257263;1.0;0.6924649477005005;0.8918918967247009;NA;NA;NA;NA;NA;NA;NA;NA;NA
0;0.33687257766723633;1.0;0.6931333541870117;0.6138995885848999;0.7451117038726807;0.3474903404712677;1.0;0.6931180953979492;0.6227477788925171;NA;NA;NA;NA;NA;NA;NA;NA;NA
1;0.7741312980651855;1.0;0.6924853324890137;0.8778957724571228;0.7444612383842468;0.7982625365257263;1.0;0.6924649477005005;0.8918918967247009;NA;NA;NA;NA;NA;NA;NA;NA;NA
