sep=;
0;1.0;0.3513513505458832;1.0;0.6931361556053162;0.6212998628616333;0.7451141476631165;1.0;0.3600386083126068;1.0;0.6931201219558716;0.6291828155517578;NA;NA;NA;NA;NA;NA;NA;NA;NA;NA;NA
1;1.0;0.7490347623825073;1.0;0.6925015449523926;0.864382266998291;0.7444740533828735;1.0;0.780888020992279;1.0;0.692474365234375;0.8817567825317383;NA;NA;NA;NA;NA;NA;NA;NA;NA;NA;NA
2;1.0;0.9498069286346436;1.0;0.6916677951812744;0.9740990400314331;0.7436349391937256;1.0;0.9652509689331055;1.0;0.6916295886039734;0.9819819331169128;NA;NA;NA;NA;NA;NA;NA;NA;NA;NA;NA
0;1.0;0.3513513505458832;1.0;0.6931361556053162;0.6212998628616333;0.7451141476631165;1.0;0.3600386083126068;1.0;0.6931201219558716;0.6291828155517578;NA;NA;NA;NA;NA;NA;NA;NA;NA;NA;NA
1;1.0;0.7490347623825073;1.0;0.6925015449523926;0.864382266998291;0.7444740533828735;1.0;0.780888020992279;1.0;0.692474365234375;0.8817567825317383;NA;NA;NA;NA;NA;NA;NA;NA;NA;NA;NA
2;1.0;0.9498069286346436;1.0;0.6916677951812744;0.9740990400314331;0.7436349391937256;1.0;0.9652509689331055;1.0;0.6916295886039734;0.9819819331169128;NA;NA;NA;NA;NA;NA;NA;NA;NA;NA;NA
