sep=;
0;1.0;0.32239383459091187;1.0;0.6931467056274414;0.6082689166069031;0.7451227307319641;1.0;0.3378378450870514;1.0;0.6931267380714417;0.619530200958252;NA;NA;NA;NA;NA;NA;NA;NA;NA;NA;NA
1;1.0;0.7615830302238464;1.0;0.6925007700920105;0.8711389899253845;0.7444735765457153;1.0;0.7837837934494019;1.0;0.6924742460250854;0.8848134875297546;NA;NA;NA;NA;NA;NA;NA;NA;NA;NA;NA
0;1.0;0.32239383459091187;1.0;0.6931467056274414;0.6082689166069031;0.7451227307319641;1.0;0.3378378450870514;1.0;0.6931267380714417;0.619530200958252;NA;NA;NA;NA;NA;NA;NA;NA;NA;NA;NA
1;1.0;0.7615830302238464;1.0;0.6925007700920105;0.8711389899253845;0.7444735765457153;1.0;0.7837837934494019;1.0;0.6924742460250854;0.8848134875297546;NA;NA;NA;NA;NA;NA;NA;NA;NA;NA;NA
