sep=;
0;1.0;0.3244996666908264;1.0;0.6931570768356323;0.6056191921234131;0.6924835443496704;1.0;0.9018033742904663;1.0;0.6918100118637085;0.9479876756668091;NA;NA;NA;NA;NA;NA;NA;NA;NA;NA;NA
1;1.0;0.367495059967041;1.0;0.6930750012397766;0.6340261697769165;0.7701425552368164;1.0;0.936551570892334;1.0;0.847210168838501;0.9662781953811646;NA;NA;NA;NA;NA;NA;NA;NA;NA;NA;NA
