epoch;concept_hits@1@1;concept_hits@3@3;concept_loss;concept_mrr;loss;task_hits@1@1;task_hits@3@3;task_loss;task_mrr;val_concept_hits@1@1;val_concept_hits@3@3;val_concept_loss;val_concept_mrr;val_loss;val_task_hits@1@1;val_task_hits@3@3;val_task_loss;val_task_mrr
0;0.34180790185928345;1.0;0.733182430267334;0.6158191561698914;0.7538046836853027;0.34274953603744507;1.0;0.7384269833564758;0.6155052185058594;NA;NA;NA;NA;NA;NA;NA;NA;NA
1;0.35593220591545105;1.0;0.7308732271194458;0.6253923177719116;0.7505290508270264;0.35216572880744934;1.0;0.7344242930412292;0.6225674748420715;NA;NA;NA;NA;NA;NA;NA;NA;NA
2;0.3502824902534485;1.0;0.7348420023918152;0.6205272674560547;0.7548906803131104;0.3512240946292877;1.0;0.7394174337387085;0.6203702688217163;NA;NA;NA;NA;NA;NA;NA;NA;NA
3;0.34180790185928345;1.0;0.7308675646781921;0.6133081912994385;0.7493288516998291;0.3465160131454468;1.0;0.7325062155723572;0.6153483390808105;NA;NA;NA;NA;NA;NA;NA;NA;NA
4;0.32485875487327576;1.0;0.7376431226730347;0.6062459945678711;0.7582777738571167;0.32862523198127747;1.0;0.743865430355072;0.6081292629241943;NA;NA;NA;NA;NA;NA;NA;NA;NA
5;0.3239171504974365;1.0;0.7466509342193604;0.6018518209457397;0.7648199200630188;0.3258003890514374;1.0;0.7481781244277954;0.604519784450531;NA;NA;NA;NA;NA;NA;NA;NA;NA
6;0.33898305892944336;1.0;0.7323118448257446;0.6134651303291321;0.7518022060394287;0.3446327745914459;1.0;0.736717164516449;0.615976095199585;NA;NA;NA;NA;NA;NA;NA;NA;NA
7;0.3644067943096161;1.0;0.7224218249320984;0.6326113939285278;0.7420166730880737;0.35969868302345276;1.0;0.7272704839706421;0.6293157339096069;NA;NA;NA;NA;NA;NA;NA;NA;NA
