{"batch/loss": 2.831535577774048, "batch/concept_loss": 2.831535577774048, "batch/task_loss": 2.831535577774048, "batch/concept_mrr": 0.30542635917663574, "batch/concept_hits@1@1": 0.04651162773370743, "batch/concept_hits@3@3": 0.3720930218696594, "batch/concept_hits@10@10": 1.0, "batch/task_mrr": 0.29728683829307556, "batch/task_hits@1@1": 0.04651162773370743, "batch/task_hits@3@3": 0.45348837971687317, "batch/task_hits@10@10": 1.0, "batch/batch_step": 0, "batch/learning_rate": 0.009999999776482582, "_timestamp": 1716547413.3638232, "_runtime": 10.880271196365356, "_step": 0}