{"batch/loss": 2.663978099822998, "batch/concept_loss": 2.663978099822998, "batch/task_loss": 2.663978099822998, "batch/concept_mrr": 0.3098837435245514, "batch/concept_hits@1@1": 0.03488372266292572, "batch/concept_hits@3@3": 0.41860464215278625, "batch/concept_hits@10@10": 1.0, "batch/task_mrr": 0.3255814015865326, "batch/task_hits@1@1": 0.04651162773370743, "batch/task_hits@3@3": 0.4767441749572754, "batch/task_hits@10@10": 1.0, "batch/batch_step": 0, "batch/learning_rate": 0.009999999776482582, "_timestamp": 1716547685.9943035, "_runtime": 13.393950462341309, "_step": 0}