{"batch/loss": 0.9323921799659729, "batch/concept_loss": 0.571796715259552, "batch/task_loss": 0.571796715259552, "batch/concept_mrr": 0.5495305061340332, "batch/concept_hits@1@1": 0.3239436745643616, "batch/concept_hits@3@3": 0.7042253613471985, "batch/concept_hits@10@10": 1.0, "batch/task_mrr": 0.5495305061340332, "batch/task_hits@1@1": 0.3239436745643616, "batch/task_hits@3@3": 0.7042253613471985, "batch/task_hits@10@10": 1.0, "batch/batch_step": 70, "batch/learning_rate": 9.999999747378752e-05, "_timestamp": 1718188684.1675546, "_runtime": 37.53108859062195, "_step": 7}