{"batch/loss": 0.0009276652126573026, "batch/concept_loss": 0.0009276652126573026, "batch/task_loss": 0.0009276652126573026, "batch/concept_mrr": 1.0, "batch/concept_hits@1@1": 1.0, "batch/concept_hits@3@3": 1.0, "batch/concept_hits@10@10": 1.0, "batch/task_mrr": 1.0, "batch/task_hits@1@1": 1.0, "batch/task_hits@3@3": 1.0, "batch/task_hits@10@10": 1.0, "batch/batch_step": 700, "batch/learning_rate": 0.004999999888241291, "_timestamp": 1713967390.7283306, "_runtime": 16.32677459716797, "_step": 141, "epoch/loss": 0.0009276652126573026, "epoch/concept_loss": 0.0009276652126573026, "epoch/task_loss": 0.0009276652126573026, "epoch/concept_mrr": 1.0, "epoch/concept_hits@1@1": 1.0, "epoch/concept_hits@3@3": 1.0, "epoch/concept_hits@10@10": 1.0, "epoch/task_mrr": 1.0, "epoch/task_hits@1@1": 1.0, "epoch/task_hits@3@3": 1.0, "epoch/task_hits@10@10": 1.0, "epoch/val_loss": 0.8660629987716675, "epoch/val_concept_loss": 0.8660629987716675, "epoch/val_task_loss": 0.8660629987716675, "epoch/val_concept_mrr": 0.816968560218811, "epoch/val_concept_hits@1@1": 0.7900000214576721, "epoch/val_concept_hits@3@3": 0.8299999833106995, "epoch/val_concept_hits@10@10": 0.8399999737739563, "epoch/val_task_mrr": 0.816968560218811, "epoch/val_task_hits@1@1": 0.7900000214576721, "epoch/val_task_hits@3@3": 0.8299999833106995, "epoch/val_task_hits@10@10": 0.8399999737739563, "epoch/lr": 0.004999999888241291, "epoch/epoch": 70, "epoch/learning_rate": 0.0024999999441206455, "_wandb": {"runtime": 15}}