sep=;
0;1.0;0.3315315246582031;1.0;0.6931583881378174;0.6087087988853455;0.7278064489364624;1.0;0.35045045614242554;1.0;0.6931397914886475;0.6228228807449341;NA;NA;NA;NA;NA;NA;NA;NA;NA;NA;NA
1;1.0;0.7423423528671265;1.0;0.6925646662712097;0.8609609007835388;0.7272104620933533;1.0;0.7648648619651794;1.0;0.6925415992736816;0.8747747540473938;NA;NA;NA;NA;NA;NA;NA;NA;NA;NA;NA
