{"batch/loss": 0.6931469440460205, "batch/concept_loss": 0.6931469440460205, "batch/task_loss": 0.6931469440460205, "batch/concept_mrr": 0.47832030057907104, "batch/concept_hits@1@1": 0.16015625, "batch/concept_hits@3@3": 0.60546875, "batch/concept_hits@10@10": 1.0, "batch/task_mrr": 0.46341145038604736, "batch/task_hits@1@1": 0.20703125, "batch/task_hits@3@3": 0.5625, "batch/task_hits@10@10": 1.0, "batch/batch_step": 340, "batch/learning_rate": 0.004999999888241291, "_timestamp": 1716478075.985884, "_runtime": 1053.1412768363953, "_step": 69, "epoch/loss": 0.6839828491210938, "epoch/concept_loss": 0.6931469440460205, "epoch/task_loss": 0.6748186349868774, "epoch/concept_mrr": 0.45483484864234924, "epoch/concept_hits@1@1": 0.1828828901052475, "epoch/concept_hits@3@3": 0.6009008884429932, "epoch/concept_hits@10@10": 1.0, "epoch/task_mrr": 0.5533633828163147, "epoch/task_hits@1@1": 0.3315315246582031, "epoch/task_hits@3@3": 0.6711711883544922, "epoch/task_hits@10@10": 1.0, "epoch/val_loss": 0.6996286511421204, "epoch/val_concept_loss": 0.6931469440460205, "epoch/val_task_loss": 0.7061104774475098, "epoch/val_concept_mrr": 0.059114113450050354, "epoch/val_concept_hits@1@1": 0.009999999776482582, "epoch/val_concept_hits@3@3": 0.03999999910593033, "epoch/val_concept_hits@10@10": 0.1599999964237213, "epoch/val_task_mrr": 0.40965941548347473, "epoch/val_task_hits@1@1": 0.3700000047683716, "epoch/val_task_hits@3@3": 0.4300000071525574, "epoch/val_task_hits@10@10": 0.5899999737739563, "epoch/lr": 0.004999999888241291, "epoch/epoch": 34, "epoch/learning_rate": 0.004999999888241291}