{"batch/loss": 0.7319689989089966, "batch/concept_loss": 0.7319689989089966, "batch/task_loss": 0.7319689989089966, "batch/concept_mrr": 0.4296875, "batch/concept_hits@1@1": 0.12890625, "batch/concept_hits@3@3": 0.6484375, "batch/concept_hits@10@10": 1.0, "batch/task_mrr": 0.4292968809604645, "batch/task_hits@1@1": 0.140625, "batch/task_hits@3@3": 0.66015625, "batch/task_hits@10@10": 1.0, "batch/batch_step": 60, "batch/learning_rate": 0.009999999776482582, "_timestamp": 1716533863.292406, "_runtime": 179.57569217681885, "_step": 12, "epoch/loss": 0.6883472204208374, "epoch/concept_loss": 0.6931469440460205, "epoch/task_loss": 0.6835475564002991, "epoch/concept_mrr": 0.45765769481658936, "epoch/concept_hits@1@1": 0.20090089738368988, "epoch/concept_hits@3@3": 0.6054053902626038, "epoch/concept_hits@10@10": 1.0, "epoch/task_mrr": 0.5496696829795837, "epoch/task_hits@1@1": 0.3396396338939667, "epoch/task_hits@3@3": 0.6657657623291016, "epoch/task_hits@10@10": 1.0, "epoch/val_loss": 0.786149263381958, "epoch/val_concept_loss": 0.770827054977417, "epoch/val_task_loss": 0.8014714121818542, "epoch/val_concept_mrr": 0.15210218727588654, "epoch/val_concept_hits@1@1": 0.10000000149011612, "epoch/val_concept_hits@3@3": 0.11999999731779099, "epoch/val_concept_hits@10@10": 0.18000000715255737, "epoch/val_task_mrr": 0.3906734585762024, "epoch/val_task_hits@1@1": 0.3199999928474426, "epoch/val_task_hits@3@3": 0.4300000071525574, "epoch/val_task_hits@10@10": 0.5600000023841858, "epoch/lr": 0.009999999776482582, "epoch/epoch": 5, "epoch/learning_rate": 0.009999999776482582}