{"batch/loss": 0.4884314239025116, "batch/concept_loss": 0.1560179740190506, "batch/task_loss": 0.1560179740190506, "batch/concept_mrr": 0.9308560490608215, "batch/concept_hits@1@1": 0.8712262511253357, "batch/concept_hits@3@3": 0.9955143332481384, "batch/concept_hits@10@10": 1.0, "batch/task_mrr": 0.9308560490608215, "batch/task_hits@1@1": 0.8712262511253357, "batch/task_hits@3@3": 0.9955143332481384, "batch/task_hits@10@10": 1.0, "batch/batch_step": 19840, "batch/learning_rate": 9.999999747378752e-05, "_timestamp": 1718196300.9393566, "_runtime": 7570.106412649155, "_step": 1984}