{"batch/loss": 0.6668227910995483, "batch/concept_loss": 0.687798798084259, "batch/task_loss": 0.6458467841148376, "batch/concept_mrr": 0.9981982111930847, "batch/concept_hits@1@1": 0.9963964223861694, "batch/concept_hits@3@3": 1.0, "batch/concept_hits@10@10": 1.0, "batch/task_mrr": 0.9977477192878723, "batch/task_hits@1@1": 0.9954954981803894, "batch/task_hits@3@3": 1.0, "batch/task_hits@10@10": 1.0, "batch/batch_step": 80, "batch/learning_rate": 0.009999999776482582, "_timestamp": 1713968308.7347589, "_runtime": 8.699733972549438, "_step": 16, "epoch/loss": 0.6695706844329834, "epoch/concept_loss": 0.6895079016685486, "epoch/task_loss": 0.6496334075927734, "epoch/concept_mrr": 0.9972972869873047, "epoch/concept_hits@1@1": 0.9945945739746094, "epoch/concept_hits@3@3": 1.0, "epoch/concept_hits@10@10": 1.0, "epoch/task_mrr": 0.9977477192878723, "epoch/task_hits@1@1": 0.9954954981803894, "epoch/task_hits@3@3": 1.0, "epoch/task_hits@10@10": 1.0, "epoch/val_loss": 0.7185865640640259, "epoch/val_concept_loss": 0.6918729543685913, "epoch/val_task_loss": 0.7453001141548157, "epoch/val_concept_mrr": 0.5573029518127441, "epoch/val_concept_hits@1@1": 0.5, "epoch/val_concept_hits@3@3": 0.550000011920929, "epoch/val_concept_hits@10@10": 0.7099999785423279, "epoch/val_task_mrr": 0.6699431538581848, "epoch/val_task_hits@1@1": 0.5400000214576721, "epoch/val_task_hits@3@3": 0.7699999809265137, "epoch/val_task_hits@10@10": 0.9399999976158142, "epoch/lr": 0.009999999776482582, "epoch/epoch": 7, "epoch/learning_rate": 0.009999999776482582, "_wandb": {"runtime": 6}}