{"batch/loss": 0.6931469440460205, "batch/concept_loss": 0.6931469440460205, "batch/task_loss": 0.6931469440460205, "batch/concept_mrr": 0.4009690284729004, "batch/concept_hits@1@1": 0.22093023359775543, "batch/concept_hits@3@3": 0.604651153087616, "batch/concept_hits@10@10": 1.0, "batch/task_mrr": 0.4364340901374817, "batch/task_hits@1@1": 0.23255814611911774, "batch/task_hits@3@3": 0.5930232405662537, "batch/task_hits@10@10": 1.0, "batch/batch_step": 70, "batch/learning_rate": 0.009999999776482582, "_timestamp": 1716534110.6584854, "_runtime": 210.64578938484192, "_step": 14, "epoch/loss": 0.6842740178108215, "epoch/concept_loss": 0.6931469440460205, "epoch/task_loss": 0.6754010319709778, "epoch/concept_mrr": 0.453873872756958, "epoch/concept_hits@1@1": 0.1756756752729416, "epoch/concept_hits@3@3": 0.592792809009552, "epoch/concept_hits@10@10": 1.0, "epoch/task_mrr": 0.5721471905708313, "epoch/task_hits@1@1": 0.33693695068359375, "epoch/task_hits@3@3": 0.6828829050064087, "epoch/task_hits@10@10": 1.0, "epoch/val_loss": 0.7020018100738525, "epoch/val_concept_loss": 0.6931469440460205, "epoch/val_task_loss": 0.7108566164970398, "epoch/val_concept_mrr": 0.03246793895959854, "epoch/val_concept_hits@1@1": 0.0, "epoch/val_concept_hits@3@3": 0.009999999776482582, "epoch/val_concept_hits@10@10": 0.07999999821186066, "epoch/val_task_mrr": 0.38482677936553955, "epoch/val_task_hits@1@1": 0.2800000011920929, "epoch/val_task_hits@3@3": 0.41999998688697815, "epoch/val_task_hits@10@10": 0.5400000214576721, "epoch/lr": 0.009999999776482582, "epoch/epoch": 6, "epoch/learning_rate": 0.009999999776482582}