{"batch/loss": 0.948932409286499, "batch/concept_loss": 0.9090203642845154, "batch/task_loss": 0.9888443946838379, "batch/concept_mrr": 0.4587891101837158, "batch/concept_hits@1@1": 0.17578125, "batch/concept_hits@3@3": 0.66796875, "batch/concept_hits@10@10": 1.0, "batch/task_mrr": 0.7014974355697632, "batch/task_hits@1@1": 0.54296875, "batch/task_hits@3@3": 0.8515625, "batch/task_hits@10@10": 1.0, "batch/batch_step": 40, "batch/learning_rate": 0.009999999776482582, "_timestamp": 1716536102.576902, "_runtime": 147.54622602462769, "_step": 9, "epoch/loss": 1.1098560094833374, "epoch/concept_loss": 1.116539478302002, "epoch/task_loss": 1.1031723022460938, "epoch/concept_mrr": 0.4533784091472626, "epoch/concept_hits@1@1": 0.1621621549129486, "epoch/concept_hits@3@3": 0.6828829050064087, "epoch/concept_hits@10@10": 1.0, "epoch/task_mrr": 0.5558708906173706, "epoch/task_hits@1@1": 0.32972973585128784, "epoch/task_hits@3@3": 0.754054069519043, "epoch/task_hits@10@10": 1.0, "epoch/val_loss": 0.6915547847747803, "epoch/val_concept_loss": 0.6859621405601501, "epoch/val_task_loss": 0.6971474289894104, "epoch/val_concept_mrr": 0.03808417543768883, "epoch/val_concept_hits@1@1": 0.0, "epoch/val_concept_hits@3@3": 0.019999999552965164, "epoch/val_concept_hits@10@10": 0.07000000029802322, "epoch/val_task_mrr": 0.3675985336303711, "epoch/val_task_hits@1@1": 0.3100000023841858, "epoch/val_task_hits@3@3": 0.4099999964237213, "epoch/val_task_hits@10@10": 0.5600000023841858, "epoch/lr": 0.009999999776482582, "epoch/epoch": 4, "epoch/learning_rate": 0.009999999776482582, "_wandb": {"runtime": 146}}