sep=;
0;1.0;0.32972973585128784;1.0;0.6931493878364563;0.6103604435920715;0.727803647518158;1.0;0.34414413571357727;1.0;0.6931432485580444;0.6225225925445557;NA;NA;NA;NA;NA;NA;NA;NA;NA;NA;NA
1;1.0;0.5855855941772461;1.0;0.6930431127548218;0.7687687277793884;0.7276995182037354;1.0;0.5954955220222473;1.0;0.6930412650108337;0.7752252221107483;NA;NA;NA;NA;NA;NA;NA;NA;NA;NA;NA
