sep=;
0;1.0;0.35499057173728943;1.0;0.6931180953979492;0.6231952905654907;0.6931180953979492;1.0;0.35499057173728943;1.0;0.6931180953979492;0.6231952905654907;NA;NA;NA;NA;NA;NA;NA;NA;NA;NA;NA
1;1.0;0.7890772223472595;1.0;0.692447304725647;0.8852793574333191;0.692447304725647;1.0;0.7890772223472595;1.0;0.692447304725647;0.8852793574333191;NA;NA;NA;NA;NA;NA;NA;NA;NA;NA;NA
