{"batch/loss": 0.7934445738792419, "batch/concept_loss": 0.7934445738792419, "batch/task_loss": 0.7934445738792419, "batch/concept_mrr": 0.4426432251930237, "batch/concept_hits@1@1": 0.15625, "batch/concept_hits@3@3": 0.6640625, "batch/concept_hits@10@10": 1.0, "batch/task_mrr": 0.4375000298023224, "batch/task_hits@1@1": 0.1484375, "batch/task_hits@3@3": 0.67578125, "batch/task_hits@10@10": 1.0, "batch/batch_step": 10, "batch/learning_rate": 0.009999999776482582, "_timestamp": 1716533588.10874, "_runtime": 45.39291310310364, "_step": 2, "epoch/loss": 1.082261562347412, "epoch/concept_loss": 1.09110689163208, "epoch/task_loss": 1.0734161138534546, "epoch/concept_mrr": 0.42990991473197937, "epoch/concept_hits@1@1": 0.1342342346906662, "epoch/concept_hits@3@3": 0.6459459662437439, "epoch/concept_hits@10@10": 1.0, "epoch/task_mrr": 0.5611861944198608, "epoch/task_hits@1@1": 0.3216216266155243, "epoch/task_hits@3@3": 0.7711711525917053, "epoch/task_hits@10@10": 1.0, "epoch/val_loss": 0.7401077747344971, "epoch/val_concept_loss": 0.7228040099143982, "epoch/val_task_loss": 0.7574114799499512, "epoch/val_concept_mrr": 0.0501580610871315, "epoch/val_concept_hits@1@1": 0.0, "epoch/val_concept_hits@3@3": 0.009999999776482582, "epoch/val_concept_hits@10@10": 0.10000000149011612, "epoch/val_task_mrr": 0.5930541753768921, "epoch/val_task_hits@1@1": 0.41999998688697815, "epoch/val_task_hits@3@3": 0.6499999761581421, "epoch/val_task_hits@10@10": 0.8999999761581421, "epoch/lr": 0.009999999776482582, "epoch/epoch": 0, "epoch/learning_rate": 0.009999999776482582}