epoch;concept_hits@10@10;concept_hits@1@1;concept_hits@3@3;concept_hits@5@5;concept_loss;concept_mrr;loss;task_hits@10@10;task_hits@1@1;task_hits@3@3;task_hits@5@5;task_loss;task_mrr;val_concept_hits@10@10;val_concept_hits@1@1;val_concept_hits@3@3;val_concept_hits@5@5;val_concept_loss;val_concept_mrr;val_loss;val_task_hits@10@10;val_task_hits@1@1;val_task_hits@3@3;val_task_hits@5@5;val_task_loss;val_task_mrr
0;1.0;0.32900431752204895;1.0;1.0;0.7257787585258484;0.6096681356430054;0.7347787022590637;1.0;0.32900431752204895;1.0;1.0;0.7257787585258484;0.6096681356430054;NA;NA;NA;NA;NA;NA;NA;NA;NA;NA;NA;NA;NA
1;1.0;0.32034632563591003;1.0;1.0;0.7394407987594604;0.6064214110374451;0.7483808994293213;1.0;0.32034632563591003;1.0;1.0;0.7394407987594604;0.6064214110374451;NA;NA;NA;NA;NA;NA;NA;NA;NA;NA;NA;NA;NA
2;1.0;0.3333333432674408;1.0;1.0;0.7312062382698059;0.6085858345031738;0.7400866746902466;1.0;0.3333333432674408;1.0;1.0;0.7312062382698059;0.6085858345031738;NA;NA;NA;NA;NA;NA;NA;NA;NA;NA;NA;NA;NA
3;1.0;0.30519479513168335;1.0;1.0;0.7439629435539246;0.5984848737716675;0.7527838945388794;1.0;0.30519479513168335;1.0;1.0;0.7439629435539246;0.5984848737716675;NA;NA;NA;NA;NA;NA;NA;NA;NA;NA;NA;NA;NA
4;1.0;0.3398268520832062;1.0;1.0;0.7332348823547363;0.6172438859939575;0.7419966459274292;1.0;0.3398268520832062;1.0;1.0;0.7332348823547363;0.6172438859939575;NA;NA;NA;NA;NA;NA;NA;NA;NA;NA;NA;NA;NA
5;1.0;0.3398268520832062;1.0;1.0;0.7352256178855896;0.616161584854126;0.7439283132553101;1.0;0.3398268520832062;1.0;1.0;0.7352256178855896;0.616161584854126;NA;NA;NA;NA;NA;NA;NA;NA;NA;NA;NA;NA;NA
6;1.0;0.3268398344516754;1.0;1.0;0.7295776605606079;0.6071428656578064;0.7382215261459351;1.0;0.3268398344516754;1.0;1.0;0.7295776605606079;0.6071428656578064;NA;NA;NA;NA;NA;NA;NA;NA;NA;NA;NA;NA;NA
