epoch;concept_hits@10@10;concept_hits@1@1;concept_hits@3@3;concept_hits@5@5;concept_loss;concept_mrr;loss;task_hits@10@10;task_hits@1@1;task_hits@3@3;task_hits@5@5;task_loss;task_mrr;val_concept_hits@10@10;val_concept_hits@1@1;val_concept_hits@3@3;val_concept_hits@5@5;val_concept_loss;val_concept_mrr;val_loss;val_task_hits@10@10;val_task_hits@1@1;val_task_hits@3@3;val_task_hits@5@5;val_task_loss;val_task_mrr
0;1.0;0.3288288414478302;1.0;1.0;0.7378356456756592;0.6079580187797546;0.7479029297828674;1.0;0.3216216266155243;1.0;1.0;0.7399702072143555;0.6031532287597656;NA;NA;NA;NA;NA;NA;NA;NA;NA;NA;NA;NA;NA
1;1.0;0.30450451374053955;1.0;1.0;0.7440674304962158;0.5911411643028259;0.754927396774292;1.0;0.3036035895347595;1.0;1.0;0.7479070425033569;0.5893393158912659;NA;NA;NA;NA;NA;NA;NA;NA;NA;NA;NA;NA;NA
2;1.0;0.3261261284351349;1.0;1.0;0.734442412853241;0.6082583069801331;0.7448068261146545;1.0;0.3261261284351349;1.0;1.0;0.737410306930542;0.6088588833808899;NA;NA;NA;NA;NA;NA;NA;NA;NA;NA;NA;NA;NA
