epoch;concept_hits@10@10;concept_hits@1@1;concept_hits@3@3;concept_hits@5@5;concept_loss;concept_mrr;loss;task_hits@10@10;task_hits@1@1;task_hits@3@3;task_hits@5@5;task_loss;task_mrr;val_concept_hits@10@10;val_concept_hits@1@1;val_concept_hits@3@3;val_concept_hits@5@5;val_concept_loss;val_concept_mrr;val_loss;val_task_hits@10@10;val_task_hits@1@1;val_task_hits@3@3;val_task_hits@5@5;val_task_loss;val_task_mrr
0;1.0;0.3076923191547394;1.0;1.0;0.6871223449707031;0.6153846383094788;0.6961222887039185;1.0;0.3076923191547394;1.0;1.0;0.6871223449707031;0.6153846383094788;NA;NA;NA;NA;NA;NA;NA;NA;NA;NA;NA;NA;NA
1;1.0;0.23076923191547394;1.0;1.0;0.7538367509841919;0.5641025304794312;0.7565187811851501;1.0;0.23076923191547394;1.0;1.0;0.7413205504417419;0.5769230723381042;NA;NA;NA;NA;NA;NA;NA;NA;NA;NA;NA;NA;NA
2;1.0;0.3076923191547394;1.0;1.0;0.7171001434326172;0.6025640964508057;0.7147430777549744;1.0;0.3076923191547394;1.0;1.0;0.694625198841095;0.6025640964508057;NA;NA;NA;NA;NA;NA;NA;NA;NA;NA;NA;NA;NA
3;1.0;0.0;1.0;1.0;0.7761889696121216;0.44871795177459717;0.7761508226394653;1.0;0.0;1.0;1.0;0.7584706544876099;0.47435900568962097;NA;NA;NA;NA;NA;NA;NA;NA;NA;NA;NA;NA;NA
4;1.0;0.3076923191547394;1.0;1.0;0.765139639377594;0.5769230723381042;0.768450140953064;1.0;0.3076923191547394;1.0;1.0;0.7542371153831482;0.5897436141967773;NA;NA;NA;NA;NA;NA;NA;NA;NA;NA;NA;NA;NA
5;1.0;0.3076923191547394;1.0;1.0;0.7676184773445129;0.5769230723381042;0.7651913166046143;1.0;0.38461539149284363;1.0;1.0;0.7453587055206299;0.6410256028175354;NA;NA;NA;NA;NA;NA;NA;NA;NA;NA;NA;NA;NA
6;1.0;0.5384615659713745;1.0;1.0;0.6193234324455261;0.7564103007316589;0.6238775849342346;1.0;0.5384615659713745;1.0;1.0;0.6111440062522888;0.7564103007316589;NA;NA;NA;NA;NA;NA;NA;NA;NA;NA;NA;NA;NA
7;1.0;0.4615384638309479;1.0;1.0;0.6323196887969971;0.7179487943649292;0.6388295888900757;1.0;0.5384615659713745;1.0;1.0;0.6281690001487732;0.7564103007316589;NA;NA;NA;NA;NA;NA;NA;NA;NA;NA;NA;NA;NA
