sep=;
0;1.0;0.33693695068359375;1.0;0.6931478381156921;0.6139639616012573;0.7278029918670654;1.0;0.3513513505458832;1.0;0.6931435465812683;0.6244745254516602;NA;NA;NA;NA;NA;NA;NA;NA;NA;NA;NA
1;1.0;0.5810810923576355;1.0;0.6930428147315979;0.7695195078849792;0.7276992797851562;1.0;0.5909910202026367;1.0;0.6930410265922546;0.7753753662109375;NA;NA;NA;NA;NA;NA;NA;NA;NA;NA;NA
2;1.0;0.7963963747024536;1.0;0.6928884983062744;0.8920419812202454;0.7275453805923462;1.0;0.8009008765220642;1.0;0.692887544631958;0.8945946097373962;NA;NA;NA;NA;NA;NA;NA;NA;NA;NA;NA
3;1.0;0.930630624294281;1.0;0.6926501989364624;0.963663637638092;0.7273073196411133;1.0;0.9333333373069763;1.0;0.6926496624946594;0.9653153419494629;NA;NA;NA;NA;NA;NA;NA;NA;NA;NA;NA
