{"batch/loss": 0.6756542921066284, "batch/concept_loss": 0.6931469440460205, "batch/task_loss": 0.6581615805625916, "batch/concept_mrr": 0.45201820135116577, "batch/concept_hits@1@1": 0.21875, "batch/concept_hits@3@3": 0.6328125, "batch/concept_hits@10@10": 1.0, "batch/task_mrr": 0.7027994990348816, "batch/task_hits@1@1": 0.5625, "batch/task_hits@3@3": 0.78515625, "batch/task_hits@10@10": 1.0, "batch/batch_step": 40, "batch/learning_rate": 0.009999999776482582, "_timestamp": 1716534306.541439, "_runtime": 156.318608045578, "_step": 9, "epoch/loss": 0.782369077205658, "epoch/concept_loss": 0.7907276153564453, "epoch/task_loss": 0.7740105986595154, "epoch/concept_mrr": 0.45554056763648987, "epoch/concept_hits@1@1": 0.16306306421756744, "epoch/concept_hits@3@3": 0.6243243217468262, "epoch/concept_hits@10@10": 1.0, "epoch/task_mrr": 0.5589339733123779, "epoch/task_hits@1@1": 0.3351351320743561, "epoch/task_hits@3@3": 0.7054054141044617, "epoch/task_hits@10@10": 1.0, "epoch/val_loss": 0.7031772136688232, "epoch/val_concept_loss": 0.6931469440460205, "epoch/val_task_loss": 0.7132074236869812, "epoch/val_concept_mrr": 0.051505424082279205, "epoch/val_concept_hits@1@1": 0.0, "epoch/val_concept_hits@3@3": 0.03999999910593033, "epoch/val_concept_hits@10@10": 0.11999999731779099, "epoch/val_task_mrr": 0.3784526586532593, "epoch/val_task_hits@1@1": 0.33000001311302185, "epoch/val_task_hits@3@3": 0.4099999964237213, "epoch/val_task_hits@10@10": 0.5400000214576721, "epoch/lr": 0.009999999776482582, "epoch/epoch": 4, "epoch/learning_rate": 0.009999999776482582, "_wandb": {"runtime": 155}}