{"batch/loss": 3.921088933944702, "batch/concept_loss": 3.921088933944702, "batch/task_loss": 3.921088933944702, "batch/concept_mrr": 0.3228682279586792, "batch/concept_hits@1@1": 0.058139536529779434, "batch/concept_hits@3@3": 0.38372093439102173, "batch/concept_hits@10@10": 1.0, "batch/task_mrr": 0.31860464811325073, "batch/task_hits@1@1": 0.06976744532585144, "batch/task_hits@3@3": 0.4767441749572754, "batch/task_hits@10@10": 1.0, "batch/batch_step": 0, "batch/learning_rate": 0.009999999776482582, "_timestamp": 1716547362.5305107, "_runtime": 11.36299467086792, "_step": 0}