{"batch/loss": 0.6202027797698975, "batch/concept_loss": 0.6468492150306702, "batch/task_loss": 0.5935563445091248, "batch/concept_mrr": 0.4280599355697632, "batch/concept_hits@1@1": 0.13671875, "batch/concept_hits@3@3": 0.61328125, "batch/concept_hits@10@10": 1.0, "batch/task_mrr": 0.6917969584465027, "batch/task_hits@1@1": 0.5390625, "batch/task_hits@3@3": 0.81640625, "batch/task_hits@10@10": 1.0, "batch/batch_step": 40, "batch/learning_rate": 0.009999999776482582, "_timestamp": 1716534769.3355167, "_runtime": 199.35939979553223, "_step": 9, "epoch/loss": 0.6643540263175964, "epoch/concept_loss": 0.6787716150283813, "epoch/task_loss": 0.6499364376068115, "epoch/concept_mrr": 0.4374624490737915, "epoch/concept_hits@1@1": 0.14954954385757446, "epoch/concept_hits@3@3": 0.6396396160125732, "epoch/concept_hits@10@10": 1.0, "epoch/task_mrr": 0.5422523021697998, "epoch/task_hits@1@1": 0.31801801919937134, "epoch/task_hits@3@3": 0.7180179953575134, "epoch/task_hits@10@10": 1.0, "epoch/val_loss": 0.6748040914535522, "epoch/val_concept_loss": 0.6680973768234253, "epoch/val_task_loss": 0.6815107464790344, "epoch/val_concept_mrr": 0.048647210001945496, "epoch/val_concept_hits@1@1": 0.0, "epoch/val_concept_hits@3@3": 0.05000000074505806, "epoch/val_concept_hits@10@10": 0.10000000149011612, "epoch/val_task_mrr": 0.3988504707813263, "epoch/val_task_hits@1@1": 0.3499999940395355, "epoch/val_task_hits@3@3": 0.46000000834465027, "epoch/val_task_hits@10@10": 0.5699999928474426, "epoch/lr": 0.009999999776482582, "epoch/epoch": 4, "epoch/learning_rate": 0.009999999776482582, "_wandb": {"runtime": 196}}