{"batch/loss": 0.6723579168319702, "batch/concept_loss": 0.6926155090332031, "batch/task_loss": 0.6521002650260925, "batch/concept_mrr": 0.9623122811317444, "batch/concept_hits@1@1": 0.9288288354873657, "batch/concept_hits@3@3": 1.0, "batch/concept_hits@10@10": 1.0, "batch/task_mrr": 0.9701200723648071, "batch/task_hits@1@1": 0.9423423409461975, "batch/task_hits@3@3": 1.0, "batch/task_hits@10@10": 1.0, "batch/batch_step": 30, "batch/learning_rate": 0.009999999776482582, "_timestamp": 1713968189.6771798, "_runtime": 8.895512819290161, "_step": 7, "epoch/loss": 0.6723579168319702, "epoch/concept_loss": 0.6926155090332031, "epoch/task_loss": 0.6521002650260925, "epoch/concept_mrr": 0.9623122811317444, "epoch/concept_hits@1@1": 0.9288288354873657, "epoch/concept_hits@3@3": 1.0, "epoch/concept_hits@10@10": 1.0, "epoch/task_mrr": 0.9701200723648071, "epoch/task_hits@1@1": 0.9423423409461975, "epoch/task_hits@3@3": 1.0, "epoch/task_hits@10@10": 1.0, "epoch/val_loss": 0.767426073551178, "epoch/val_concept_loss": 0.6929402351379395, "epoch/val_task_loss": 0.8419119119644165, "epoch/val_concept_mrr": 0.31402331590652466, "epoch/val_concept_hits@1@1": 0.23999999463558197, "epoch/val_concept_hits@3@3": 0.3199999928474426, "epoch/val_concept_hits@10@10": 0.46000000834465027, "epoch/val_task_mrr": 0.6030670404434204, "epoch/val_task_hits@1@1": 0.49000000953674316, "epoch/val_task_hits@3@3": 0.6299999952316284, "epoch/val_task_hits@10@10": 0.8700000047683716, "epoch/lr": 0.009999999776482582, "epoch/epoch": 3, "epoch/learning_rate": 0.009999999776482582, "_wandb": {"runtime": 7}}