{"batch/loss": 0.000935269461479038, "batch/concept_loss": 0.000935269461479038, "batch/task_loss": 0.000935269461479038, "batch/concept_mrr": 1.0, "batch/concept_hits@1@1": 1.0, "batch/concept_hits@3@3": 1.0, "batch/concept_hits@10@10": 1.0, "batch/task_mrr": 1.0, "batch/task_hits@1@1": 1.0, "batch/task_hits@3@3": 1.0, "batch/task_hits@10@10": 1.0, "batch/batch_step": 700, "batch/learning_rate": 0.004999999888241291, "_timestamp": 1713967431.237122, "_runtime": 12.857489109039307, "_step": 141, "epoch/loss": 0.000935269461479038, "epoch/concept_loss": 0.000935269461479038, "epoch/task_loss": 0.000935269461479038, "epoch/concept_mrr": 1.0, "epoch/concept_hits@1@1": 1.0, "epoch/concept_hits@3@3": 1.0, "epoch/concept_hits@10@10": 1.0, "epoch/task_mrr": 1.0, "epoch/task_hits@1@1": 1.0, "epoch/task_hits@3@3": 1.0, "epoch/task_hits@10@10": 1.0, "epoch/val_loss": 0.871703028678894, "epoch/val_concept_loss": 0.871703028678894, "epoch/val_task_loss": 0.871703028678894, "epoch/val_concept_mrr": 0.8420160412788391, "epoch/val_concept_hits@1@1": 0.8100000023841858, "epoch/val_concept_hits@3@3": 0.8500000238418579, "epoch/val_concept_hits@10@10": 0.9100000262260437, "epoch/val_task_mrr": 0.8420160412788391, "epoch/val_task_hits@1@1": 0.8100000023841858, "epoch/val_task_hits@3@3": 0.8500000238418579, "epoch/val_task_hits@10@10": 0.9100000262260437, "epoch/lr": 0.004999999888241291, "epoch/epoch": 70, "epoch/learning_rate": 0.0024999999441206455, "_wandb": {"runtime": 11}}