{"batch/loss": 0.0015814648941159248, "batch/concept_loss": 0.0015814648941159248, "batch/task_loss": 0.0015814648941159248, "batch/concept_mrr": 1.0, "batch/concept_hits@1@1": 1.0, "batch/concept_hits@3@3": 1.0, "batch/concept_hits@10@10": 1.0, "batch/task_mrr": 1.0, "batch/task_hits@1@1": 1.0, "batch/task_hits@3@3": 1.0, "batch/task_hits@10@10": 1.0, "batch/batch_step": 560, "batch/learning_rate": 0.004999999888241291, "_timestamp": 1713966944.574104, "_runtime": 12.2812180519104, "_step": 113, "epoch/loss": 0.0015814648941159248, "epoch/concept_loss": 0.0015814648941159248, "epoch/task_loss": 0.0015814648941159248, "epoch/concept_mrr": 1.0, "epoch/concept_hits@1@1": 1.0, "epoch/concept_hits@3@3": 1.0, "epoch/concept_hits@10@10": 1.0, "epoch/task_mrr": 1.0, "epoch/task_hits@1@1": 1.0, "epoch/task_hits@3@3": 1.0, "epoch/task_hits@10@10": 1.0, "epoch/val_loss": 0.8472990393638611, "epoch/val_concept_loss": 0.8472990393638611, "epoch/val_task_loss": 0.8472990393638611, "epoch/val_concept_mrr": 0.7554054260253906, "epoch/val_concept_hits@1@1": 0.7099999785423279, "epoch/val_concept_hits@3@3": 0.7699999809265137, "epoch/val_concept_hits@10@10": 0.8399999737739563, "epoch/val_task_mrr": 0.7554054260253906, "epoch/val_task_hits@1@1": 0.7099999785423279, "epoch/val_task_hits@3@3": 0.7699999809265137, "epoch/val_task_hits@10@10": 0.8399999737739563, "epoch/lr": 0.004999999888241291, "epoch/epoch": 56, "epoch/learning_rate": 0.004999999888241291, "_wandb": {"runtime": 11}}