{"batch/loss": 0.6742005944252014, "batch/concept_loss": 0.6931469440460205, "batch/task_loss": 0.655254065990448, "batch/concept_mrr": 0.45553386211395264, "batch/concept_hits@1@1": 0.16796875, "batch/concept_hits@3@3": 0.61328125, "batch/concept_hits@10@10": 1.0, "batch/task_mrr": 0.7081380486488342, "batch/task_hits@1@1": 0.55078125, "batch/task_hits@3@3": 0.76953125, "batch/task_hits@10@10": 1.0, "batch/batch_step": 40, "batch/learning_rate": 0.009999999776482582, "_timestamp": 1716534515.1555812, "_runtime": 166.32252430915833, "_step": 9, "epoch/loss": 0.6844229698181152, "epoch/concept_loss": 0.6931469440460205, "epoch/task_loss": 0.6756989359855652, "epoch/concept_mrr": 0.46174177527427673, "epoch/concept_hits@1@1": 0.1873873919248581, "epoch/concept_hits@3@3": 0.6018018126487732, "epoch/concept_hits@10@10": 1.0, "epoch/task_mrr": 0.5600601434707642, "epoch/task_hits@1@1": 0.35315313935279846, "epoch/task_hits@3@3": 0.6630630493164062, "epoch/task_hits@10@10": 1.0, "epoch/val_loss": 0.7000868320465088, "epoch/val_concept_loss": 0.6931469440460205, "epoch/val_task_loss": 0.7070266604423523, "epoch/val_concept_mrr": 0.0642251968383789, "epoch/val_concept_hits@1@1": 0.009999999776482582, "epoch/val_concept_hits@3@3": 0.07000000029802322, "epoch/val_concept_hits@10@10": 0.07000000029802322, "epoch/val_task_mrr": 0.3699033260345459, "epoch/val_task_hits@1@1": 0.30000001192092896, "epoch/val_task_hits@3@3": 0.4000000059604645, "epoch/val_task_hits@10@10": 0.5, "epoch/lr": 0.009999999776482582, "epoch/epoch": 4, "epoch/learning_rate": 0.009999999776482582, "_wandb": {"runtime": 165}}