{"batch/loss": 0.0007868867251090705, "batch/concept_loss": 0.0007868867251090705, "batch/task_loss": 0.0007868867251090705, "batch/concept_mrr": 1.0, "batch/concept_hits@1@1": 1.0, "batch/concept_hits@3@3": 1.0, "batch/concept_hits@10@10": 1.0, "batch/task_mrr": 1.0, "batch/task_hits@1@1": 1.0, "batch/task_hits@3@3": 1.0, "batch/task_hits@10@10": 1.0, "batch/batch_step": 720, "batch/learning_rate": 0.004999999888241291, "_timestamp": 1713967410.010849, "_runtime": 12.97185206413269, "_step": 145, "epoch/loss": 0.0007868867251090705, "epoch/concept_loss": 0.0007868867251090705, "epoch/task_loss": 0.0007868867251090705, "epoch/concept_mrr": 1.0, "epoch/concept_hits@1@1": 1.0, "epoch/concept_hits@3@3": 1.0, "epoch/concept_hits@10@10": 1.0, "epoch/task_mrr": 1.0, "epoch/task_hits@1@1": 1.0, "epoch/task_hits@3@3": 1.0, "epoch/task_hits@10@10": 1.0, "epoch/val_loss": 0.7807878851890564, "epoch/val_concept_loss": 0.7807878851890564, "epoch/val_task_loss": 0.7807878851890564, "epoch/val_concept_mrr": 0.8686349987983704, "epoch/val_concept_hits@1@1": 0.8399999737739563, "epoch/val_concept_hits@3@3": 0.8700000047683716, "epoch/val_concept_hits@10@10": 0.949999988079071, "epoch/val_task_mrr": 0.8686349987983704, "epoch/val_task_hits@1@1": 0.8399999737739563, "epoch/val_task_hits@3@3": 0.8700000047683716, "epoch/val_task_hits@10@10": 0.949999988079071, "epoch/lr": 0.004999999888241291, "epoch/epoch": 72, "epoch/learning_rate": 0.0024999999441206455, "_wandb": {"runtime": 11}}