{"batch/loss": 0.6907361149787903, "batch/concept_loss": 0.6907361149787903, "batch/task_loss": 0.6907361149787903, "batch/concept_mrr": 0.9995495676994324, "batch/concept_hits@1@1": 0.99909907579422, "batch/concept_hits@3@3": 1.0, "batch/concept_hits@10@10": 1.0, "batch/task_mrr": 0.9995495676994324, "batch/task_hits@1@1": 0.99909907579422, "batch/task_hits@3@3": 1.0, "batch/task_hits@10@10": 1.0, "batch/batch_step": 60, "batch/learning_rate": 0.009999999776482582, "_timestamp": 1713966900.722707, "_runtime": 5.941812992095947, "_step": 12, "epoch/loss": 0.6916121244430542, "epoch/concept_loss": 0.6916121244430542, "epoch/task_loss": 0.6916121244430542, "epoch/concept_mrr": 0.9981982111930847, "epoch/concept_hits@1@1": 0.9963964223861694, "epoch/concept_hits@3@3": 1.0, "epoch/concept_hits@10@10": 1.0, "epoch/task_mrr": 0.9981982111930847, "epoch/task_hits@1@1": 0.9963964223861694, "epoch/task_hits@3@3": 1.0, "epoch/task_hits@10@10": 1.0, "epoch/val_loss": 0.692669153213501, "epoch/val_concept_loss": 0.692669153213501, "epoch/val_task_loss": 0.692669153213501, "epoch/val_concept_mrr": 0.5904422402381897, "epoch/val_concept_hits@1@1": 0.5199999809265137, "epoch/val_concept_hits@3@3": 0.6200000047683716, "epoch/val_concept_hits@10@10": 0.7099999785423279, "epoch/val_task_mrr": 0.5904422402381897, "epoch/val_task_hits@1@1": 0.5199999809265137, "epoch/val_task_hits@3@3": 0.6200000047683716, "epoch/val_task_hits@10@10": 0.7099999785423279, "epoch/lr": 0.009999999776482582, "epoch/epoch": 5, "epoch/learning_rate": 0.009999999776482582, "_wandb": {"runtime": 4}}