{"batch/loss": 0.6909809112548828, "batch/concept_loss": 0.6931469440460205, "batch/task_loss": 0.6888148784637451, "batch/concept_mrr": 0.47389325499534607, "batch/concept_hits@1@1": 0.234375, "batch/concept_hits@3@3": 0.59765625, "batch/concept_hits@10@10": 1.0, "batch/task_mrr": 0.458984375, "batch/task_hits@1@1": 0.20703125, "batch/task_hits@3@3": 0.58984375, "batch/task_hits@10@10": 1.0, "batch/batch_step": 40, "batch/learning_rate": 0.009999999776482582, "_timestamp": 1716547606.798454, "_runtime": 139.8080279827118, "_step": 9, "epoch/loss": 0.6917107105255127, "epoch/concept_loss": 0.6931469440460205, "epoch/task_loss": 0.6902744770050049, "epoch/concept_mrr": 0.444654643535614, "epoch/concept_hits@1@1": 0.2081081122159958, "epoch/concept_hits@3@3": 0.6081081032752991, "epoch/concept_hits@10@10": 1.0, "epoch/task_mrr": 0.4766966700553894, "epoch/task_hits@1@1": 0.21261261403560638, "epoch/task_hits@3@3": 0.6009008884429932, "epoch/task_hits@10@10": 1.0, "epoch/val_loss": 0.6931469440460205, "epoch/val_concept_loss": 0.6931469440460205, "epoch/val_task_loss": 0.6931469440460205, "epoch/val_concept_mrr": 0.046708717942237854, "epoch/val_concept_hits@1@1": 0.0, "epoch/val_concept_hits@3@3": 0.009999999776482582, "epoch/val_concept_hits@10@10": 0.14000000059604645, "epoch/val_task_mrr": 0.03693355619907379, "epoch/val_task_hits@1@1": 0.0, "epoch/val_task_hits@3@3": 0.05999999865889549, "epoch/val_task_hits@10@10": 0.11999999731779099, "epoch/lr": 0.009999999776482582, "epoch/epoch": 4, "epoch/learning_rate": 0.009999999776482582, "_wandb": {"runtime": 138}}