dataset,mr,mrr,hits@1,hits@3,hits@10,hits@10_50
FB15k237Inductive:v1,54.22019577026367,0.505011260509491,0.40875911712646484,0.5754258036613464,0.6654500961303711,0.9142684936523438
