dataset,mr,mrr,hits@1,hits@3,hits@10
CoDExSmall,487.52899169921875,0.12267635762691498,0.0760393887758255,0.13621443510055542,0.21198031306266785
