dataset,mr,mrr,hits@1,hits@3,hits@10,hits@10_50
FB15k237Inductive:v3,298.6239318847656,0.19053752720355988,0.11987290531396866,0.21374927461147308,0.32091277837753296,0.7973155975341797
