dataset,mr,mrr,hits@1,hits@3,hits@10
CountriesTransductive,4.860000133514404,0.6163409948348999,0.5400000214576721,0.6200000047683716,0.800000011920929
