dataset,mr,mrr,hits@1,hits@3,hits@10,hits@10_50
FB15k237Inductive:v1,55.30535125732422,0.5130302309989929,0.4197080433368683,0.5802919864654541,0.6605839133262634,0.9165217280387878
