dataset,mr,mrr,hits@1,hits@3,hits@10
CountriesTransductive,4.539999961853027,0.6009189486503601,0.5400000214576721,0.5600000023841858,0.8799999952316284
