dataset,mr,mrr,hits@1,hits@3,hits@10
CountriesTransductive,4.679999828338623,0.6345480680465698,0.5799999833106995,0.6200000047683716,0.800000011920929
