dataset,mr,mrr,hits@1,hits@3,hits@10
CountriesTransductive,4.800000190734863,0.6287087798118591,0.5799999833106995,0.6000000238418579,0.7799999713897705
