{"batch/loss": 0.6931469440460205, "batch/concept_loss": 0.6931469440460205, "batch/task_loss": 0.6931469440460205, "batch/concept_mrr": 0.45213180780410767, "batch/concept_hits@1@1": 0.22093023359775543, "batch/concept_hits@3@3": 0.5813953280448914, "batch/concept_hits@10@10": 1.0, "batch/task_mrr": 0.47344961762428284, "batch/task_hits@1@1": 0.19767442345619202, "batch/task_hits@3@3": 0.569767415523529, "batch/task_hits@10@10": 1.0, "batch/batch_step": 620, "batch/learning_rate": 0.004999999888241291, "_timestamp": 1716476978.713358, "_runtime": 2232.952512025833, "_step": 125, "epoch/loss": 0.6831222772598267, "epoch/concept_loss": 0.6931469440460205, "epoch/task_loss": 0.6730976700782776, "epoch/concept_mrr": 0.46645644307136536, "epoch/concept_hits@1@1": 0.20900900661945343, "epoch/concept_hits@3@3": 0.5846846699714661, "epoch/concept_hits@10@10": 1.0, "epoch/task_mrr": 0.5727928280830383, "epoch/task_hits@1@1": 0.34864863753318787, "epoch/task_hits@3@3": 0.6927927732467651, "epoch/task_hits@10@10": 1.0, "epoch/val_loss": 0.7019816040992737, "epoch/val_concept_loss": 0.6931469440460205, "epoch/val_task_loss": 0.7108162641525269, "epoch/val_concept_mrr": 0.040723767131567, "epoch/val_concept_hits@1@1": 0.009999999776482582, "epoch/val_concept_hits@3@3": 0.029999999329447746, "epoch/val_concept_hits@10@10": 0.12999999523162842, "epoch/val_task_mrr": 0.36418116092681885, "epoch/val_task_hits@1@1": 0.30000001192092896, "epoch/val_task_hits@3@3": 0.4399999976158142, "epoch/val_task_hits@10@10": 0.5799999833106995, "epoch/lr": 0.004999999888241291, "epoch/epoch": 62, "epoch/learning_rate": 0.0024999999441206455, "_wandb": {"runtime": 2231}}